Date,On-Call
01/01/2018,James
02/01/2018,Rebecca
03/01/2018,William
04/01/2018,James
05/01/2018,Rebecca
06/01/2018,William
07/01/2018,James
08/01/2018,Rebecca
09/01/2018,William
10/01/2018,James
11/01/2018,Rebecca
12/01/2018,William
13/01/2018,James
14/01/2018,Rebecca
15/01/2018,William
16/01/2018,James
17/01/2018,Rebecca
18/01/2018,William
19/01/2018,James
20/01/2018,Rebecca
21/01/2018,William
22/01/2018,James
23/01/2018,Rebecca
24/01/2018,William
25/01/2018,James
26/01/2018,Rebecca
27/01/2018,William
28/01/2018,James
29/01/2018,Rebecca
30/01/2018,William
